question_id,poll_id,cycle,state,pollster_id,pollster,sponsor_ids,sponsors,display_name,pollster_rating_id,pollster_rating_name,fte_grade,sample_size,population,population_full,methodology,office_type,seat_number,seat_name,start_date,end_date,election_date,sponsor_candidate,internal,partisan,tracking,nationwide_batch,ranked_choice_reallocated,created_at,notes,url,stage,race_id,answer,candidate_id,candidate_name,candidate_party,pct
146566,76898,2021,Ohio,1102,Emerson College,"1185,1725",Nexstar | NBC 4 Ohio,Emerson College,88,Emerson College,A-,445,lv,lv,IVR/Text,U.S. House,15,District 15,10/14/21,10/16/21,11/2/21,"",false,,,false,false,10/20/21 07:11,"",https://www.nbc4i.com/news/your-local-election-hq/oh-15-poll-republican-mike-carey-leads-democrat-allison-russo-among-likely-voters/,general,9477,Russo,28683,Allison Russo,DEM,38.9
146566,76898,2021,Ohio,1102,Emerson College,"1185,1725",Nexstar | NBC 4 Ohio,Emerson College,88,Emerson College,A-,445,lv,lv,IVR/Text,U.S. House,15,District 15,10/14/21,10/16/21,11/2/21,"",false,,,false,false,10/20/21 07:11,"",https://www.nbc4i.com/news/your-local-election-hq/oh-15-poll-republican-mike-carey-leads-democrat-allison-russo-among-likely-voters/,general,9477,Carey,28684,Mike Carey,REP,50.0
145401,76324,2022,Iowa,324,Moore Information,"","",Moore Information,217,Moore Information,B/C,1000,lv,lv,,U.S. House,3,District 3,9/9/21,9/9/21,11/8/22,Zach Nunn,true,REP,,false,false,9/16/21 09:23,"",https://twitter.com/kirk_bado/status/1438488648706629640,general,9152,Axne,28652,Cindy Axne,DEM,46.0
145401,76324,2022,Iowa,324,Moore Information,"","",Moore Information,217,Moore Information,B/C,1000,lv,lv,,U.S. House,3,District 3,9/9/21,9/9/21,11/8/22,Zach Nunn,true,REP,,false,false,9/16/21 09:23,"",https://twitter.com/kirk_bado/status/1438488648706629640,general,9152,Nunn,28651,Zach Nunn,REP,42.0
143595,75304,2021,Texas,24,American Viewpoint,"","",American Viewpoint,10,American Viewpoint,B/C,400,lv,lv,Live Phone,U.S. House,6,District 6,7/19/21,7/21/21,7/27/21,Susan Wright,true,REP,,false,false,7/22/21 14:11,"",https://mcusercontent.com/84c8faf48625b2f334ce6f14f/files/171856ba-1fd9-5980-1fd8-54bf66be22ee/Susan_Wright_for_Congress_IP_Memo_July21.pdf,runoff,9442,Wright,19156,Susan Wright,REP,44.0
143595,75304,2021,Texas,24,American Viewpoint,"","",American Viewpoint,10,American Viewpoint,B/C,400,lv,lv,Live Phone,U.S. House,6,District 6,7/19/21,7/21/21,7/27/21,Susan Wright,true,REP,,false,false,7/22/21 14:11,"",https://mcusercontent.com/84c8faf48625b2f334ce6f14f/files/171856ba-1fd9-5980-1fd8-54bf66be22ee/Susan_Wright_for_Congress_IP_Memo_July21.pdf,runoff,9442,Ellzey,19157,Jake K. Ellzey,REP,34.0
142710,74900,2021,Texas,24,American Viewpoint,"","",American Viewpoint,10,American Viewpoint,B/C,400,lv,lv,Live Phone,U.S. House,6,District 6,6/1/21,6/3/21,7/27/21,Susan Wright,true,REP,,false,false,6/8/21 20:20,"",https://static.politico.com/64/a3/2b2f3167492586ae823c291e06ed/susan-wright-for-congress-ip-memo-june21.pdf,runoff,9442,Wright,19156,Susan Wright,REP,49.0
142710,74900,2021,Texas,24,American Viewpoint,"","",American Viewpoint,10,American Viewpoint,B/C,400,lv,lv,Live Phone,U.S. House,6,District 6,6/1/21,6/3/21,7/27/21,Susan Wright,true,REP,,false,false,6/8/21 20:20,"",https://static.politico.com/64/a3/2b2f3167492586ae823c291e06ed/susan-wright-for-congress-ip-memo-june21.pdf,runoff,9442,Ellzey,19157,Jake K. Ellzey,REP,34.0
142514,74843,2021,New Mexico,998,RRH Elections,1636,Elections Daily,RRH Elections,274,RRH Elections,B/C,555,lv,lv,IVR/Online,U.S. House,1,District 1,5/18/21,5/21/21,6/1/21,"",false,,,false,false,5/24/21 11:05,"",https://rrhelections.com/index.php/2021/05/24/rrh-elections-nm-1-congressional-poll-stansbury-d-leads-moores-r-49-33/,general,9440,Stansbury,20704,Melanie Ann Stansbury,DEM,49.0
142514,74843,2021,New Mexico,998,RRH Elections,1636,Elections Daily,RRH Elections,274,RRH Elections,B/C,555,lv,lv,IVR/Online,U.S. House,1,District 1,5/18/21,5/21/21,6/1/21,"",false,,,false,false,5/24/21 11:05,"",https://rrhelections.com/index.php/2021/05/24/rrh-elections-nm-1-congressional-poll-stansbury-d-leads-moores-r-49-33/,general,9440,Moores,20705,Mark David Moores,REP,33.0
142514,74843,2021,New Mexico,998,RRH Elections,1636,Elections Daily,RRH Elections,274,RRH Elections,B/C,555,lv,lv,IVR/Online,U.S. House,1,District 1,5/18/21,5/21/21,6/1/21,"",false,,,false,false,5/24/21 11:05,"",https://rrhelections.com/index.php/2021/05/24/rrh-elections-nm-1-congressional-poll-stansbury-d-leads-moores-r-49-33/,general,9440,Dunn,20706,Aubrey Dunn,IND,5.0
142514,74843,2021,New Mexico,998,RRH Elections,1636,Elections Daily,RRH Elections,274,RRH Elections,B/C,555,lv,lv,IVR/Online,U.S. House,1,District 1,5/18/21,5/21/21,6/1/21,"",false,,,false,false,5/24/21 11:05,"",https://rrhelections.com/index.php/2021/05/24/rrh-elections-nm-1-congressional-poll-stansbury-d-leads-moores-r-49-33/,general,9440,Manning,20707,Christopher Manning,LIB,3.0
144639,75827,2022,New Jersey,1672,Victory Insights,"","",Victory Insights,673,Victory Insights,,600,lv,lv,IVR,U.S. House,11,District 11,5/18/21,5/19/21,11/8/22,"",false,,,false,false,9/1/21 21:30,"",https://victory-insights.com/files/NJ11_Research_Booklet_05-2021.pdf,general,9249,Sherrill,28595,Mikie Sherrill,DEM,51.0
144639,75827,2022,New Jersey,1672,Victory Insights,"","",Victory Insights,673,Victory Insights,,600,lv,lv,IVR,U.S. House,11,District 11,5/18/21,5/19/21,11/8/22,"",false,,,false,false,9/1/21 21:30,"",https://victory-insights.com/files/NJ11_Research_Booklet_05-2021.pdf,general,9249,Becchi,28596,Rosemary Becchi,REP,49.0
144640,75827,2022,New Jersey,1672,Victory Insights,"","",Victory Insights,673,Victory Insights,,600,lv,lv,IVR,U.S. House,11,District 11,5/18/21,5/19/21,11/8/22,"",false,,,false,false,9/1/21 21:30,"",https://victory-insights.com/files/NJ11_Research_Booklet_05-2021.pdf,general,9249,Sherrill,28595,Mikie Sherrill,DEM,51.34
144640,75827,2022,New Jersey,1672,Victory Insights,"","",Victory Insights,673,Victory Insights,,600,lv,lv,IVR,U.S. House,11,District 11,5/18/21,5/19/21,11/8/22,"",false,,,false,false,9/1/21 21:30,"",https://victory-insights.com/files/NJ11_Research_Booklet_05-2021.pdf,general,9249,Brotschol,28597,Hillery Brotschol,REP,48.66
140665,74672,2021,Texas,1231,Meeting Street Insights,234,Washington Free Beacon,Meeting Street Insights,204,Meeting Street Insights,B/C,400,rv,rv,Live Phone,U.S. House,6,District 6,4/11/21,4/13/21,5/1/21,"",false,,,false,false,4/19/21 10:25,"",https://freebeacon.com/politics/poll-in-tx-06-special-its-anybodys-game/,jungle primary,9439,Sanchez,19155,Jana Lynne Sanchez,DEM,16.0
140665,74672,2021,Texas,1231,Meeting Street Insights,234,Washington Free Beacon,Meeting Street Insights,204,Meeting Street Insights,B/C,400,rv,rv,Live Phone,U.S. House,6,District 6,4/11/21,4/13/21,5/1/21,"",false,,,false,false,4/19/21 10:25,"",https://freebeacon.com/politics/poll-in-tx-06-special-its-anybodys-game/,jungle primary,9439,Wright,19156,Susan Wright,REP,15.0
140665,74672,2021,Texas,1231,Meeting Street Insights,234,Washington Free Beacon,Meeting Street Insights,204,Meeting Street Insights,B/C,400,rv,rv,Live Phone,U.S. House,6,District 6,4/11/21,4/13/21,5/1/21,"",false,,,false,false,4/19/21 10:25,"",https://freebeacon.com/politics/poll-in-tx-06-special-its-anybodys-game/,jungle primary,9439,Ellzey,19157,Jake K. Ellzey,REP,14.0
140665,74672,2021,Texas,1231,Meeting Street Insights,234,Washington Free Beacon,Meeting Street Insights,204,Meeting Street Insights,B/C,400,rv,rv,Live Phone,U.S. House,6,District 6,4/11/21,4/13/21,5/1/21,"",false,,,false,false,4/19/21 10:25,"",https://freebeacon.com/politics/poll-in-tx-06-special-its-anybodys-game/,jungle primary,9439,Bean,19158,Lydia Bean,DEM,5.0
140665,74672,2021,Texas,1231,Meeting Street Insights,234,Washington Free Beacon,Meeting Street Insights,204,Meeting Street Insights,B/C,400,rv,rv,Live Phone,U.S. House,6,District 6,4/11/21,4/13/21,5/1/21,"",false,,,false,false,4/19/21 10:25,"",https://freebeacon.com/politics/poll-in-tx-06-special-its-anybodys-game/,jungle primary,9439,Harrison,19169,Brian Harrison,REP,12.0
140665,74672,2021,Texas,1231,Meeting Street Insights,234,Washington Free Beacon,Meeting Street Insights,204,Meeting Street Insights,B/C,400,rv,rv,Live Phone,U.S. House,6,District 6,4/11/21,4/13/21,5/1/21,"",false,,,false,false,4/19/21 10:25,"",https://freebeacon.com/politics/poll-in-tx-06-special-its-anybodys-game/,jungle primary,9439,Lassiter,19159,Shawn Lassiter,DEM,3.0
140665,74672,2021,Texas,1231,Meeting Street Insights,234,Washington Free Beacon,Meeting Street Insights,204,Meeting Street Insights,B/C,400,rv,rv,Live Phone,U.S. House,6,District 6,4/11/21,4/13/21,5/1/21,"",false,,,false,false,4/19/21 10:25,"",https://freebeacon.com/politics/poll-in-tx-06-special-its-anybodys-game/,jungle primary,9439,Castro,19220,John Anthony Castro,REP,3.0
140665,74672,2021,Texas,1231,Meeting Street Insights,234,Washington Free Beacon,Meeting Street Insights,204,Meeting Street Insights,B/C,400,rv,rv,Live Phone,U.S. House,6,District 6,4/11/21,4/13/21,5/1/21,"",false,,,false,false,4/19/21 10:25,"",https://freebeacon.com/politics/poll-in-tx-06-special-its-anybodys-game/,jungle primary,9439,Rodimer,19170,Daniel Stephen Rodimer,REP,2.0
140665,74672,2021,Texas,1231,Meeting Street Insights,234,Washington Free Beacon,Meeting Street Insights,204,Meeting Street Insights,B/C,400,rv,rv,Live Phone,U.S. House,6,District 6,4/11/21,4/13/21,5/1/21,"",false,,,false,false,4/19/21 10:25,"",https://freebeacon.com/politics/poll-in-tx-06-special-its-anybodys-game/,jungle primary,9439,Mizher,19160,Adrian Mizher,IND,1.0
140665,74672,2021,Texas,1231,Meeting Street Insights,234,Washington Free Beacon,Meeting Street Insights,204,Meeting Street Insights,B/C,400,rv,rv,Live Phone,U.S. House,6,District 6,4/11/21,4/13/21,5/1/21,"",false,,,false,false,4/19/21 10:25,"",https://freebeacon.com/politics/poll-in-tx-06-special-its-anybodys-game/,jungle primary,9439,Allison,19221,Tammy Allison,DEM,1.0
140665,74672,2021,Texas,1231,Meeting Street Insights,234,Washington Free Beacon,Meeting Street Insights,204,Meeting Street Insights,B/C,400,rv,rv,Live Phone,U.S. House,6,District 6,4/11/21,4/13/21,5/1/21,"",false,,,false,false,4/19/21 10:25,"",https://freebeacon.com/politics/poll-in-tx-06-special-its-anybodys-game/,jungle primary,9439,Wood,19222,Michael Wood,REP,1.0
140665,74672,2021,Texas,1231,Meeting Street Insights,234,Washington Free Beacon,Meeting Street Insights,204,Meeting Street Insights,B/C,400,rv,rv,Live Phone,U.S. House,6,District 6,4/11/21,4/13/21,5/1/21,"",false,,,false,false,4/19/21 10:25,"",https://freebeacon.com/politics/poll-in-tx-06-special-its-anybodys-game/,jungle primary,9439,Stephenson,19223,Brian K. Stephenson,DEM,1.0
140665,74672,2021,Texas,1231,Meeting Street Insights,234,Washington Free Beacon,Meeting Street Insights,204,Meeting Street Insights,B/C,400,rv,rv,Live Phone,U.S. House,6,District 6,4/11/21,4/13/21,5/1/21,"",false,,,false,false,4/19/21 10:25,"",https://freebeacon.com/politics/poll-in-tx-06-special-its-anybodys-game/,jungle primary,9439,Egan,19224,Mike Egan,REP,1.0
140665,74672,2021,Texas,1231,Meeting Street Insights,234,Washington Free Beacon,Meeting Street Insights,204,Meeting Street Insights,B/C,400,rv,rv,Live Phone,U.S. House,6,District 6,4/11/21,4/13/21,5/1/21,"",false,,,false,false,4/19/21 10:25,"",https://freebeacon.com/politics/poll-in-tx-06-special-its-anybodys-game/,jungle primary,9439,Suprun,19225,Christopher Suprun,DEM,1.0
140665,74672,2021,Texas,1231,Meeting Street Insights,234,Washington Free Beacon,Meeting Street Insights,204,Meeting Street Insights,B/C,400,rv,rv,Live Phone,U.S. House,6,District 6,4/11/21,4/13/21,5/1/21,"",false,,,false,false,4/19/21 10:25,"",https://freebeacon.com/politics/poll-in-tx-06-special-its-anybodys-game/,jungle primary,9439,Moses,19161,Patrick Moses,DEM,0.0
140665,74672,2021,Texas,1231,Meeting Street Insights,234,Washington Free Beacon,Meeting Street Insights,204,Meeting Street Insights,B/C,400,rv,rv,Live Phone,U.S. House,6,District 6,4/11/21,4/13/21,5/1/21,"",false,,,false,false,4/19/21 10:25,"",https://freebeacon.com/politics/poll-in-tx-06-special-its-anybodys-game/,jungle primary,9439,Kim,19162,Sery Kim,REP,0.0
140665,74672,2021,Texas,1231,Meeting Street Insights,234,Washington Free Beacon,Meeting Street Insights,204,Meeting Street Insights,B/C,400,rv,rv,Live Phone,U.S. House,6,District 6,4/11/21,4/13/21,5/1/21,"",false,,,false,false,4/19/21 10:25,"",https://freebeacon.com/politics/poll-in-tx-06-special-its-anybodys-game/,jungle primary,9439,Gray,19226,Phil Gray,LIB,0.0
140665,74672,2021,Texas,1231,Meeting Street Insights,234,Washington Free Beacon,Meeting Street Insights,204,Meeting Street Insights,B/C,400,rv,rv,Live Phone,U.S. House,6,District 6,4/11/21,4/13/21,5/1/21,"",false,,,false,false,4/19/21 10:25,"",https://freebeacon.com/politics/poll-in-tx-06-special-its-anybodys-game/,jungle primary,9439,Salazar,19227,Manuel Richard Salazar,DEM,0.0
140665,74672,2021,Texas,1231,Meeting Street Insights,234,Washington Free Beacon,Meeting Street Insights,204,Meeting Street Insights,B/C,400,rv,rv,Live Phone,U.S. House,6,District 6,4/11/21,4/13/21,5/1/21,"",false,,,false,false,4/19/21 10:25,"",https://freebeacon.com/politics/poll-in-tx-06-special-its-anybodys-game/,jungle primary,9439,Garcia Sharon,19228,Jenny Garcia Sharon,REP,0.0
140665,74672,2021,Texas,1231,Meeting Street Insights,234,Washington Free Beacon,Meeting Street Insights,204,Meeting Street Insights,B/C,400,rv,rv,Live Phone,U.S. House,6,District 6,4/11/21,4/13/21,5/1/21,"",false,,,false,false,4/19/21 10:25,"",https://freebeacon.com/politics/poll-in-tx-06-special-its-anybodys-game/,jungle primary,9439,Ballantine,19229,Michael Ballantine,REP,0.0
140665,74672,2021,Texas,1231,Meeting Street Insights,234,Washington Free Beacon,Meeting Street Insights,204,Meeting Street Insights,B/C,400,rv,rv,Live Phone,U.S. House,6,District 6,4/11/21,4/13/21,5/1/21,"",false,,,false,false,4/19/21 10:25,"",https://freebeacon.com/politics/poll-in-tx-06-special-its-anybodys-game/,jungle primary,9439,Eddings,19230,Daryl J. Eddings,DEM,0.0
140665,74672,2021,Texas,1231,Meeting Street Insights,234,Washington Free Beacon,Meeting Street Insights,204,Meeting Street Insights,B/C,400,rv,rv,Live Phone,U.S. House,6,District 6,4/11/21,4/13/21,5/1/21,"",false,,,false,false,4/19/21 10:25,"",https://freebeacon.com/politics/poll-in-tx-06-special-its-anybodys-game/,jungle primary,9439,Hinterlong,19231,Matt Hinterlong,DEM,0.0
140665,74672,2021,Texas,1231,Meeting Street Insights,234,Washington Free Beacon,Meeting Street Insights,204,Meeting Street Insights,B/C,400,rv,rv,Live Phone,U.S. House,6,District 6,4/11/21,4/13/21,5/1/21,"",false,,,false,false,4/19/21 10:25,"",https://freebeacon.com/politics/poll-in-tx-06-special-its-anybodys-game/,jungle primary,9439,Rodermund,19232,Travis Rodermund,REP,0.0
140666,74672,2021,Texas,1231,Meeting Street Insights,234,Washington Free Beacon,Meeting Street Insights,204,Meeting Street Insights,B/C,400,rv,rv,Live Phone,U.S. House,6,District 6,4/11/21,4/13/21,5/1/21,"",false,,,false,false,4/19/21 10:38,"",https://freebeacon.com/politics/poll-in-tx-06-special-its-anybodys-game/,jungle primary,9439,Sanchez,19155,Jana Lynne Sanchez,DEM,20.0
140666,74672,2021,Texas,1231,Meeting Street Insights,234,Washington Free Beacon,Meeting Street Insights,204,Meeting Street Insights,B/C,400,rv,rv,Live Phone,U.S. House,6,District 6,4/11/21,4/13/21,5/1/21,"",false,,,false,false,4/19/21 10:38,"",https://freebeacon.com/politics/poll-in-tx-06-special-its-anybodys-game/,jungle primary,9439,Wright,19156,Susan Wright,REP,17.0
140666,74672,2021,Texas,1231,Meeting Street Insights,234,Washington Free Beacon,Meeting Street Insights,204,Meeting Street Insights,B/C,400,rv,rv,Live Phone,U.S. House,6,District 6,4/11/21,4/13/21,5/1/21,"",false,,,false,false,4/19/21 10:38,"",https://freebeacon.com/politics/poll-in-tx-06-special-its-anybodys-game/,jungle primary,9439,Ellzey,19157,Jake K. Ellzey,REP,16.0
140666,74672,2021,Texas,1231,Meeting Street Insights,234,Washington Free Beacon,Meeting Street Insights,204,Meeting Street Insights,B/C,400,rv,rv,Live Phone,U.S. House,6,District 6,4/11/21,4/13/21,5/1/21,"",false,,,false,false,4/19/21 10:38,"",https://freebeacon.com/politics/poll-in-tx-06-special-its-anybodys-game/,jungle primary,9439,Bean,19158,Lydia Bean,DEM,7.0
140666,74672,2021,Texas,1231,Meeting Street Insights,234,Washington Free Beacon,Meeting Street Insights,204,Meeting Street Insights,B/C,400,rv,rv,Live Phone,U.S. House,6,District 6,4/11/21,4/13/21,5/1/21,"",false,,,false,false,4/19/21 10:38,"",https://freebeacon.com/politics/poll-in-tx-06-special-its-anybodys-game/,jungle primary,9439,Lassiter,19159,Shawn Lassiter,DEM,5.0
140666,74672,2021,Texas,1231,Meeting Street Insights,234,Washington Free Beacon,Meeting Street Insights,204,Meeting Street Insights,B/C,400,rv,rv,Live Phone,U.S. House,6,District 6,4/11/21,4/13/21,5/1/21,"",false,,,false,false,4/19/21 10:38,"",https://freebeacon.com/politics/poll-in-tx-06-special-its-anybodys-game/,jungle primary,9439,Harrison,19169,Brian Harrison,REP,12.0
140666,74672,2021,Texas,1231,Meeting Street Insights,234,Washington Free Beacon,Meeting Street Insights,204,Meeting Street Insights,B/C,400,rv,rv,Live Phone,U.S. House,6,District 6,4/11/21,4/13/21,5/1/21,"",false,,,false,false,4/19/21 10:38,"",https://freebeacon.com/politics/poll-in-tx-06-special-its-anybodys-game/,jungle primary,9439,Moses,19161,Patrick Moses,DEM,3.0
140666,74672,2021,Texas,1231,Meeting Street Insights,234,Washington Free Beacon,Meeting Street Insights,204,Meeting Street Insights,B/C,400,rv,rv,Live Phone,U.S. House,6,District 6,4/11/21,4/13/21,5/1/21,"",false,,,false,false,4/19/21 10:38,"",https://freebeacon.com/politics/poll-in-tx-06-special-its-anybodys-game/,jungle primary,9439,Rodimer,19170,Daniel Stephen Rodimer,REP,2.0
140746,74698,2021,Texas,1515,Data for Progress,"1630,1631",Boot Texas Republicans | Way to Lead PAC,Data for Progress,522,Data for Progress,B,344,lv,lv,Online/Text,U.S. House,6,District 6,4/5/21,4/12/21,5/1/21,"",false,DEM,,false,false,4/23/21 13:32,"",https://www.dataforprogress.org/blog/tx-06-special-election,jungle primary,9439,Sanchez,19155,Jana Lynne Sanchez,DEM,16.0
140746,74698,2021,Texas,1515,Data for Progress,"1630,1631",Boot Texas Republicans | Way to Lead PAC,Data for Progress,522,Data for Progress,B,344,lv,lv,Online/Text,U.S. House,6,District 6,4/5/21,4/12/21,5/1/21,"",false,DEM,,false,false,4/23/21 13:32,"",https://www.dataforprogress.org/blog/tx-06-special-election,jungle primary,9439,Wright,19156,Susan Wright,REP,22.0
140746,74698,2021,Texas,1515,Data for Progress,"1630,1631",Boot Texas Republicans | Way to Lead PAC,Data for Progress,522,Data for Progress,B,344,lv,lv,Online/Text,U.S. House,6,District 6,4/5/21,4/12/21,5/1/21,"",false,DEM,,false,false,4/23/21 13:32,"",https://www.dataforprogress.org/blog/tx-06-special-election,jungle primary,9439,Ellzey,19157,Jake K. Ellzey,REP,13.0
140746,74698,2021,Texas,1515,Data for Progress,"1630,1631",Boot Texas Republicans | Way to Lead PAC,Data for Progress,522,Data for Progress,B,344,lv,lv,Online/Text,U.S. House,6,District 6,4/5/21,4/12/21,5/1/21,"",false,DEM,,false,false,4/23/21 13:32,"",https://www.dataforprogress.org/blog/tx-06-special-election,jungle primary,9439,Harrison,19169,Brian Harrison,REP,10.0
140746,74698,2021,Texas,1515,Data for Progress,"1630,1631",Boot Texas Republicans | Way to Lead PAC,Data for Progress,522,Data for Progress,B,344,lv,lv,Online/Text,U.S. House,6,District 6,4/5/21,4/12/21,5/1/21,"",false,DEM,,false,false,4/23/21 13:32,"",https://www.dataforprogress.org/blog/tx-06-special-election,jungle primary,9439,Bean,19158,Lydia Bean,DEM,9.0
140746,74698,2021,Texas,1515,Data for Progress,"1630,1631",Boot Texas Republicans | Way to Lead PAC,Data for Progress,522,Data for Progress,B,344,lv,lv,Online/Text,U.S. House,6,District 6,4/5/21,4/12/21,5/1/21,"",false,DEM,,false,false,4/23/21 13:32,"",https://www.dataforprogress.org/blog/tx-06-special-election,jungle primary,9439,Lassiter,19159,Shawn Lassiter,DEM,10.0
140746,74698,2021,Texas,1515,Data for Progress,"1630,1631",Boot Texas Republicans | Way to Lead PAC,Data for Progress,522,Data for Progress,B,344,lv,lv,Online/Text,U.S. House,6,District 6,4/5/21,4/12/21,5/1/21,"",false,DEM,,false,false,4/23/21 13:32,"",https://www.dataforprogress.org/blog/tx-06-special-election,jungle primary,9439,Mizher,19160,Adrian Mizher,IND,2.0
140747,74698,2021,Texas,1515,Data for Progress,"1630,1631",Boot Texas Republicans | Way to Lead PAC,Data for Progress,522,Data for Progress,B,344,lv,lv,Online/Text,U.S. House,6,District 6,4/5/21,4/12/21,7/27/21,"",false,DEM,,false,false,4/23/21 13:32,"",https://www.dataforprogress.org/blog/tx-06-special-election,runoff,9442,Sanchez,19155,Jana Lynne Sanchez,DEM,43.0
140747,74698,2021,Texas,1515,Data for Progress,"1630,1631",Boot Texas Republicans | Way to Lead PAC,Data for Progress,522,Data for Progress,B,344,lv,lv,Online/Text,U.S. House,6,District 6,4/5/21,4/12/21,7/27/21,"",false,DEM,,false,false,4/23/21 13:32,"",https://www.dataforprogress.org/blog/tx-06-special-election,runoff,9442,Wright,19156,Susan Wright,REP,53.0
140311,74547,2021,Texas,178,Global Strategy Group,"","",Global Strategy Group,118,Global Strategy Group,B/C,500,lv,lv,Live Phone,U.S. House,6,District 6,3/11/21,3/16/21,5/1/21,Lydia Bean,true,DEM,,false,false,3/23/21 09:28,"",https://twitter.com/JacobRubashkin/status/1374047108991451145?s=20,jungle primary,9439,Sanchez,19155,Jana Lynne Sanchez,DEM,9.0
140311,74547,2021,Texas,178,Global Strategy Group,"","",Global Strategy Group,118,Global Strategy Group,B/C,500,lv,lv,Live Phone,U.S. House,6,District 6,3/11/21,3/16/21,5/1/21,Lydia Bean,true,DEM,,false,false,3/23/21 09:28,"",https://twitter.com/JacobRubashkin/status/1374047108991451145?s=20,jungle primary,9439,Wright,19156,Susan Wright,REP,18.0
140311,74547,2021,Texas,178,Global Strategy Group,"","",Global Strategy Group,118,Global Strategy Group,B/C,500,lv,lv,Live Phone,U.S. House,6,District 6,3/11/21,3/16/21,5/1/21,Lydia Bean,true,DEM,,false,false,3/23/21 09:28,"",https://twitter.com/JacobRubashkin/status/1374047108991451145?s=20,jungle primary,9439,Ellzey,19157,Jake K. Ellzey,REP,8.0
140311,74547,2021,Texas,178,Global Strategy Group,"","",Global Strategy Group,118,Global Strategy Group,B/C,500,lv,lv,Live Phone,U.S. House,6,District 6,3/11/21,3/16/21,5/1/21,Lydia Bean,true,DEM,,false,false,3/23/21 09:28,"",https://twitter.com/JacobRubashkin/status/1374047108991451145?s=20,jungle primary,9439,Bean,19158,Lydia Bean,DEM,6.0
140311,74547,2021,Texas,178,Global Strategy Group,"","",Global Strategy Group,118,Global Strategy Group,B/C,500,lv,lv,Live Phone,U.S. House,6,District 6,3/11/21,3/16/21,5/1/21,Lydia Bean,true,DEM,,false,false,3/23/21 09:28,"",https://twitter.com/JacobRubashkin/status/1374047108991451145?s=20,jungle primary,9439,Lassiter,19159,Shawn Lassiter,DEM,4.0
140311,74547,2021,Texas,178,Global Strategy Group,"","",Global Strategy Group,118,Global Strategy Group,B/C,500,lv,lv,Live Phone,U.S. House,6,District 6,3/11/21,3/16/21,5/1/21,Lydia Bean,true,DEM,,false,false,3/23/21 09:28,"",https://twitter.com/JacobRubashkin/status/1374047108991451145?s=20,jungle primary,9439,Harrison,19169,Brian Harrison,REP,6.0
140311,74547,2021,Texas,178,Global Strategy Group,"","",Global Strategy Group,118,Global Strategy Group,B/C,500,lv,lv,Live Phone,U.S. House,6,District 6,3/11/21,3/16/21,5/1/21,Lydia Bean,true,DEM,,false,false,3/23/21 09:28,"",https://twitter.com/JacobRubashkin/status/1374047108991451145?s=20,jungle primary,9439,Rodimer,19170,Daniel Stephen Rodimer,REP,1.0
140311,74547,2021,Texas,178,Global Strategy Group,"","",Global Strategy Group,118,Global Strategy Group,B/C,500,lv,lv,Live Phone,U.S. House,6,District 6,3/11/21,3/16/21,5/1/21,Lydia Bean,true,DEM,,false,false,3/23/21 09:28,"",https://twitter.com/JacobRubashkin/status/1374047108991451145?s=20,jungle primary,9439,Moses,19161,Patrick Moses,DEM,2.0
140278,74529,2021,Texas,1380,Victoria Research & Consulting,"","",Victoria Research & Consulting,369,Victoria Research & Consulting,B/C,450,lv,lv,Live Phone/Online,U.S. House,6,District 6,3/9/21,3/12/21,5/1/21,Jana Lynne Sanchez,true,DEM,,false,false,3/19/21 11:39,"",https://www.insideelections.com/news/article/new-poll-in-texas-special-election-tx-06,jungle primary,9439,Sanchez,19155,Jana Lynne Sanchez,DEM,17.0
140278,74529,2021,Texas,1380,Victoria Research & Consulting,"","",Victoria Research & Consulting,369,Victoria Research & Consulting,B/C,450,lv,lv,Live Phone/Online,U.S. House,6,District 6,3/9/21,3/12/21,5/1/21,Jana Lynne Sanchez,true,DEM,,false,false,3/19/21 11:39,"",https://www.insideelections.com/news/article/new-poll-in-texas-special-election-tx-06,jungle primary,9439,Wright,19156,Susan Wright,REP,21.0
140278,74529,2021,Texas,1380,Victoria Research & Consulting,"","",Victoria Research & Consulting,369,Victoria Research & Consulting,B/C,450,lv,lv,Live Phone/Online,U.S. House,6,District 6,3/9/21,3/12/21,5/1/21,Jana Lynne Sanchez,true,DEM,,false,false,3/19/21 11:39,"",https://www.insideelections.com/news/article/new-poll-in-texas-special-election-tx-06,jungle primary,9439,Ellzey,19157,Jake K. Ellzey,REP,8.0
140278,74529,2021,Texas,1380,Victoria Research & Consulting,"","",Victoria Research & Consulting,369,Victoria Research & Consulting,B/C,450,lv,lv,Live Phone/Online,U.S. House,6,District 6,3/9/21,3/12/21,5/1/21,Jana Lynne Sanchez,true,DEM,,false,false,3/19/21 11:39,"",https://www.insideelections.com/news/article/new-poll-in-texas-special-election-tx-06,jungle primary,9439,Bean,19158,Lydia Bean,DEM,5.0
140278,74529,2021,Texas,1380,Victoria Research & Consulting,"","",Victoria Research & Consulting,369,Victoria Research & Consulting,B/C,450,lv,lv,Live Phone/Online,U.S. House,6,District 6,3/9/21,3/12/21,5/1/21,Jana Lynne Sanchez,true,DEM,,false,false,3/19/21 11:39,"",https://www.insideelections.com/news/article/new-poll-in-texas-special-election-tx-06,jungle primary,9439,Lassiter,19159,Shawn Lassiter,DEM,3.0
140278,74529,2021,Texas,1380,Victoria Research & Consulting,"","",Victoria Research & Consulting,369,Victoria Research & Consulting,B/C,450,lv,lv,Live Phone/Online,U.S. House,6,District 6,3/9/21,3/12/21,5/1/21,Jana Lynne Sanchez,true,DEM,,false,false,3/19/21 11:39,"",https://www.insideelections.com/news/article/new-poll-in-texas-special-election-tx-06,jungle primary,9439,Mizher,19160,Adrian Mizher,IND,3.0
140278,74529,2021,Texas,1380,Victoria Research & Consulting,"","",Victoria Research & Consulting,369,Victoria Research & Consulting,B/C,450,lv,lv,Live Phone/Online,U.S. House,6,District 6,3/9/21,3/12/21,5/1/21,Jana Lynne Sanchez,true,DEM,,false,false,3/19/21 11:39,"",https://www.insideelections.com/news/article/new-poll-in-texas-special-election-tx-06,jungle primary,9439,Moses,19161,Patrick Moses,DEM,2.0
140278,74529,2021,Texas,1380,Victoria Research & Consulting,"","",Victoria Research & Consulting,369,Victoria Research & Consulting,B/C,450,lv,lv,Live Phone/Online,U.S. House,6,District 6,3/9/21,3/12/21,5/1/21,Jana Lynne Sanchez,true,DEM,,false,false,3/19/21 11:39,"",https://www.insideelections.com/news/article/new-poll-in-texas-special-election-tx-06,jungle primary,9439,Kim,19162,Sery Kim,REP,1.0
140138,74472,2021,Louisiana,1518,Edgewater Research/My People Vote,"","",Edgewater Research/My People Vote,530,Edgewater Research/My People Vote,B/C,651,lv,lv,IVR/Live Phone,U.S. House,2,District 2,3/2/21,3/7/21,3/20/21,"",false,,,false,false,3/10/21 21:22,"",https://htv-prod-media.s3.amazonaws.com/files/2nd-congressional-district-report-1615416394.pdf,jungle primary,9433,Carter,18939,Troy A. Carter,DEM,35.0
140138,74472,2021,Louisiana,1518,Edgewater Research/My People Vote,"","",Edgewater Research/My People Vote,530,Edgewater Research/My People Vote,B/C,651,lv,lv,IVR/Live Phone,U.S. House,2,District 2,3/2/21,3/7/21,3/20/21,"",false,,,false,false,3/10/21 21:22,"",https://htv-prod-media.s3.amazonaws.com/files/2nd-congressional-district-report-1615416394.pdf,jungle primary,9433,Peterson,18940,Karen Carter Peterson,DEM,24.0
140138,74472,2021,Louisiana,1518,Edgewater Research/My People Vote,"","",Edgewater Research/My People Vote,530,Edgewater Research/My People Vote,B/C,651,lv,lv,IVR/Live Phone,U.S. House,2,District 2,3/2/21,3/7/21,3/20/21,"",false,,,false,false,3/10/21 21:22,"",https://htv-prod-media.s3.amazonaws.com/files/2nd-congressional-district-report-1615416394.pdf,jungle primary,9433,Chambers,18941,Gary Chambers,DEM,11.0
139993,74439,2021,Louisiana,1670,Silas Lee,"","",Silas Lee,668,Silas Lee,,650,lv,lv,Live Phone,U.S. House,2,District 2,2/12/21,2/14/21,3/20/21,Troy A. Carter,true,DEM,,false,false,3/2/21 20:31,"",https://midcitymessenger.com/2021/03/02/troy-carter-leads-congressional-field-pollster-silas-lee-finds/,jungle primary,9433,Peterson,18940,Karen Carter Peterson,DEM,19.0
139993,74439,2021,Louisiana,1670,Silas Lee,"","",Silas Lee,668,Silas Lee,,650,lv,lv,Live Phone,U.S. House,2,District 2,2/12/21,2/14/21,3/20/21,Troy A. Carter,true,DEM,,false,false,3/2/21 20:31,"",https://midcitymessenger.com/2021/03/02/troy-carter-leads-congressional-field-pollster-silas-lee-finds/,jungle primary,9433,Carter,18939,Troy A. Carter,DEM,28.0
139993,74439,2021,Louisiana,1670,Silas Lee,"","",Silas Lee,668,Silas Lee,,650,lv,lv,Live Phone,U.S. House,2,District 2,2/12/21,2/14/21,3/20/21,Troy A. Carter,true,DEM,,false,false,3/2/21 20:31,"",https://midcitymessenger.com/2021/03/02/troy-carter-leads-congressional-field-pollster-silas-lee-finds/,jungle primary,9433,Chambers,18941,Gary Chambers,DEM,6.0
139993,74439,2021,Louisiana,1670,Silas Lee,"","",Silas Lee,668,Silas Lee,,650,lv,lv,Live Phone,U.S. House,2,District 2,2/12/21,2/14/21,3/20/21,Troy A. Carter,true,DEM,,false,false,3/2/21 20:31,"",https://midcitymessenger.com/2021/03/02/troy-carter-leads-congressional-field-pollster-silas-lee-finds/,jungle primary,9433,Ontiveros,18942,Desiree Ontiveros,DEM,2.0
139993,74439,2021,Louisiana,1670,Silas Lee,"","",Silas Lee,668,Silas Lee,,650,lv,lv,Live Phone,U.S. House,2,District 2,2/12/21,2/14/21,3/20/21,Troy A. Carter,true,DEM,,false,false,3/2/21 20:31,"",https://midcitymessenger.com/2021/03/02/troy-carter-leads-congressional-field-pollster-silas-lee-finds/,jungle primary,9433,Bernard,18943,Claston Bernard,REP,2.0
