question_id,poll_id,cycle,state,pollster_id,pollster,sponsor_ids,sponsors,display_name,pollster_rating_id,pollster_rating_name,fte_grade,sample_size,population,population_full,methodology,office_type,seat_number,seat_name,start_date,end_date,election_date,sponsor_candidate,internal,partisan,tracking,nationwide_batch,ranked_choice_reallocated,created_at,notes,url,stage,race_id,answer,candidate_id,candidate_name,candidate_party,pct
148910,77173,2024,Wisconsin,1075,Marquette University Law School,"","",Marquette Law School,195,Marquette University Law School,A/B,805,rv,rv,Live Phone,U.S. President,0,,10/26/21,10/31/21,11/5/24,"",false,,,false,false,11/3/21 14:19,"",https://law.marquette.edu/poll/2021/11/03/detailed-results-of-the-marquette-law-school-poll-october-26-31-2021/,general,8905,Biden,19368,Joe Biden,DEM,45.0
148910,77173,2024,Wisconsin,1075,Marquette University Law School,"","",Marquette Law School,195,Marquette University Law School,A/B,805,rv,rv,Live Phone,U.S. President,0,,10/26/21,10/31/21,11/5/24,"",false,,,false,false,11/3/21 14:19,"",https://law.marquette.edu/poll/2021/11/03/detailed-results-of-the-marquette-law-school-poll-october-26-31-2021/,general,8905,Trump Sr.,16651,Donald Trump,REP,41.0
148839,77168,2024,,1508,Harris Insights & Analytics,763,Harvard,Harris Poll,133,Harris Insights & Analytics,B+,1578,rv,rv,Online,U.S. President,0,,10/26/21,10/28/21,11/5/24,"",false,,,false,false,11/2/21 11:58,"",https://mcusercontent.com/ca678077bc522bd7bd74bacbf/files/f5e7728d-554a-39d2-2939-8c4849d081c6/HHP_October_12PM_vF.pdf,general,8914,Biden,19368,Joe Biden,DEM,45.0
148839,77168,2024,,1508,Harris Insights & Analytics,763,Harvard,Harris Poll,133,Harris Insights & Analytics,B+,1578,rv,rv,Online,U.S. President,0,,10/26/21,10/28/21,11/5/24,"",false,,,false,false,11/2/21 11:58,"",https://mcusercontent.com/ca678077bc522bd7bd74bacbf/files/f5e7728d-554a-39d2-2939-8c4849d081c6/HHP_October_12PM_vF.pdf,general,8914,Trump Sr.,16651,Donald Trump,REP,46.0
148894,77168,2024,,1508,Harris Insights & Analytics,763,Harvard,Harris Poll,133,Harris Insights & Analytics,B+,1578,rv,rv,Online,U.S. President,0,,10/26/21,10/28/21,11/5/24,"",false,,,false,false,11/3/21 11:14,"",https://mcusercontent.com/ca678077bc522bd7bd74bacbf/files/f5e7728d-554a-39d2-2939-8c4849d081c6/HHP_October_12PM_vF.pdf,general,8914,Harris,16661,Kamala Harris,DEM,40.0
148894,77168,2024,,1508,Harris Insights & Analytics,763,Harvard,Harris Poll,133,Harris Insights & Analytics,B+,1578,rv,rv,Online,U.S. President,0,,10/26/21,10/28/21,11/5/24,"",false,,,false,false,11/3/21 11:14,"",https://mcusercontent.com/ca678077bc522bd7bd74bacbf/files/f5e7728d-554a-39d2-2939-8c4849d081c6/HHP_October_12PM_vF.pdf,general,8914,DeSantis,16646,Ron DeSantis,REP,42.0
148895,77168,2024,,1508,Harris Insights & Analytics,763,Harvard,Harris Poll,133,Harris Insights & Analytics,B+,1578,rv,rv,Online,U.S. President,0,,10/26/21,10/28/21,11/5/24,"",false,,,false,false,11/3/21 11:14,"",https://mcusercontent.com/ca678077bc522bd7bd74bacbf/files/f5e7728d-554a-39d2-2939-8c4849d081c6/HHP_October_12PM_vF.pdf,general,8914,Harris,16661,Kamala Harris,DEM,39.0
148895,77168,2024,,1508,Harris Insights & Analytics,763,Harvard,Harris Poll,133,Harris Insights & Analytics,B+,1578,rv,rv,Online,U.S. President,0,,10/26/21,10/28/21,11/5/24,"",false,,,false,false,11/3/21 11:14,"",https://mcusercontent.com/ca678077bc522bd7bd74bacbf/files/f5e7728d-554a-39d2-2939-8c4849d081c6/HHP_October_12PM_vF.pdf,general,8914,T. Scott,16648,Tim Scott,REP,42.0
148896,77168,2024,,1508,Harris Insights & Analytics,763,Harvard,Harris Poll,133,Harris Insights & Analytics,B+,1578,rv,rv,Online,U.S. President,0,,10/26/21,10/28/21,11/5/24,"",false,,,false,false,11/3/21 11:14,"",https://mcusercontent.com/ca678077bc522bd7bd74bacbf/files/f5e7728d-554a-39d2-2939-8c4849d081c6/HHP_October_12PM_vF.pdf,general,8914,Harris,16661,Kamala Harris,DEM,41.0
148896,77168,2024,,1508,Harris Insights & Analytics,763,Harvard,Harris Poll,133,Harris Insights & Analytics,B+,1578,rv,rv,Online,U.S. President,0,,10/26/21,10/28/21,11/5/24,"",false,,,false,false,11/3/21 11:14,"",https://mcusercontent.com/ca678077bc522bd7bd74bacbf/files/f5e7728d-554a-39d2-2939-8c4849d081c6/HHP_October_12PM_vF.pdf,general,8914,Pompeo,16652,Mike Pompeo,REP,41.0
146804,77029,2024,,568,YouGov,1213,Yahoo News,YouGov,391,YouGov,B+,1704,a,a,Online,U.S. President,0,,10/19/21,10/21/21,11/5/24,"",false,,,false,false,10/25/21 15:40,"",https://docs.cdn.yougov.com/4i6a6olite/20211021_yahoo_vaccine_tabs.pdf,general,8914,Biden,19368,Joe Biden,DEM,43.0
146804,77029,2024,,568,YouGov,1213,Yahoo News,YouGov,391,YouGov,B+,1704,a,a,Online,U.S. President,0,,10/19/21,10/21/21,11/5/24,"",false,,,false,false,10/25/21 15:40,"",https://docs.cdn.yougov.com/4i6a6olite/20211021_yahoo_vaccine_tabs.pdf,general,8914,Trump Sr.,16651,Donald Trump,REP,40.0
146813,77034,2024,Iowa,1347,Cygnal,1733,Iowans for Tax Relief Foundation,Cygnal,67,Cygnal,B+,600,lv,lv,IVR/Online/Text,U.S. President,0,,10/18/21,10/19/21,11/5/24,"",false,REP,,false,false,10/25/21 15:58,"",https://itrfoundation.org/iowa-voters-sour-on-biden-like-reynolds-grassley-and-trump/,general,8788,Biden,19368,Joe Biden,DEM,40.5
146813,77034,2024,Iowa,1347,Cygnal,1733,Iowans for Tax Relief Foundation,Cygnal,67,Cygnal,B+,600,lv,lv,IVR/Online/Text,U.S. President,0,,10/18/21,10/19/21,11/5/24,"",false,REP,,false,false,10/25/21 15:58,"",https://itrfoundation.org/iowa-voters-sour-on-biden-like-reynolds-grassley-and-trump/,general,8788,Trump Sr.,16651,Donald Trump,REP,54.1
146618,76908,2024,,1302,Echelon Insights,"","",Echelon Insights,407,Echelon Insights,B/C,1098,rv,rv,Online,U.S. President,0,,10/15/21,10/19/21,11/5/24,"",false,,,false,false,10/20/21 17:06,"",https://echeloninsights.com/in-the-news/october-omnibus-political/,general,8914,Biden,19368,Joe Biden,DEM,48.0
146618,76908,2024,,1302,Echelon Insights,"","",Echelon Insights,407,Echelon Insights,B/C,1098,rv,rv,Online,U.S. President,0,,10/15/21,10/19/21,11/5/24,"",false,,,false,false,10/20/21 17:06,"",https://echeloninsights.com/in-the-news/october-omnibus-political/,general,8914,Trump Sr.,16651,Donald Trump,REP,42.0
146619,76908,2024,,1302,Echelon Insights,"","",Echelon Insights,407,Echelon Insights,B/C,1098,rv,rv,Online,U.S. President,0,,10/15/21,10/19/21,11/5/24,"",false,,,false,false,10/20/21 17:07,"",https://echeloninsights.com/in-the-news/october-omnibus-political/,general,8914,Biden,19368,Joe Biden,DEM,44.0
146619,76908,2024,,1302,Echelon Insights,"","",Echelon Insights,407,Echelon Insights,B/C,1098,rv,rv,Online,U.S. President,0,,10/15/21,10/19/21,11/5/24,"",false,,,false,false,10/20/21 17:07,"",https://echeloninsights.com/in-the-news/october-omnibus-political/,general,8914,Trump Sr.,16651,Donald Trump,REP,40.0
146619,76908,2024,,1302,Echelon Insights,"","",Echelon Insights,407,Echelon Insights,B/C,1098,rv,rv,Online,U.S. President,0,,10/15/21,10/19/21,11/5/24,"",false,,,false,false,10/20/21 17:07,"",https://echeloninsights.com/in-the-news/october-omnibus-political/,general,8914,Yang,28687,Andrew Yang,OTH,5.0
146596,76905,2024,,294,McLaughlin & Associates,"","",McLaughlin & Associates,203,McLaughlin & Associates,C/D,1000,lv,lv,Online,U.S. President,0,,10/14/21,10/18/21,11/5/24,"",false,,,false,false,10/20/21 12:09,"",https://mclaughlinonline.com/pols/wp-content/uploads/2021/10/National-Monthly-October-Release.pdf,general,8914,Harris,16661,Kamala Harris,DEM,46.0
146596,76905,2024,,294,McLaughlin & Associates,"","",McLaughlin & Associates,203,McLaughlin & Associates,C/D,1000,lv,lv,Online,U.S. President,0,,10/14/21,10/18/21,11/5/24,"",false,,,false,false,10/20/21 12:09,"",https://mclaughlinonline.com/pols/wp-content/uploads/2021/10/National-Monthly-October-Release.pdf,general,8914,Trump Sr.,16651,Donald Trump,REP,49.0
146668,76922,2024,,1562,Redfield & Wilton Strategies,"","",Redfield & Wilton Strategies,562,Redfield & Wilton Strategies,B/C,1500,rv,rv,Online,U.S. President,0,,10/17/21,10/17/21,11/5/24,"",false,,,false,false,10/21/21 12:16,"",https://redfieldandwiltonstrategies.com/joe-biden-administration-approval-ratings-17-october/,general,8914,Biden,19368,Joe Biden,DEM,36.0
146668,76922,2024,,1562,Redfield & Wilton Strategies,"","",Redfield & Wilton Strategies,562,Redfield & Wilton Strategies,B/C,1500,rv,rv,Online,U.S. President,0,,10/17/21,10/17/21,11/5/24,"",false,,,false,false,10/21/21 12:16,"",https://redfieldandwiltonstrategies.com/joe-biden-administration-approval-ratings-17-october/,general,8914,Trump Sr.,16651,Donald Trump,REP,35.0
146669,76922,2024,,1562,Redfield & Wilton Strategies,"","",Redfield & Wilton Strategies,562,Redfield & Wilton Strategies,B/C,1138,lv,lv,Online,U.S. President,0,,10/17/21,10/17/21,11/5/24,"",false,,,false,false,10/21/21 12:16,"",https://redfieldandwiltonstrategies.com/joe-biden-administration-approval-ratings-17-october/,general,8914,Biden,19368,Joe Biden,DEM,42.0
146669,76922,2024,,1562,Redfield & Wilton Strategies,"","",Redfield & Wilton Strategies,562,Redfield & Wilton Strategies,B/C,1138,lv,lv,Online,U.S. President,0,,10/17/21,10/17/21,11/5/24,"",false,,,false,false,10/21/21 12:16,"",https://redfieldandwiltonstrategies.com/joe-biden-administration-approval-ratings-17-october/,general,8914,Trump Sr.,16651,Donald Trump,REP,40.0
146561,76897,2024,,437,Selzer & Co.,991,Grinnell College,Selzer & Co.,304,Selzer & Co.,A+,735,lv,lv,Live Phone,U.S. President,0,,10/13/21,10/17/21,11/5/24,"",false,,,false,false,10/20/21 06:49,"",https://www.grinnell.edu/sites/default/files/docs/2021-10/GCNP%20Oct21%20Toplines%20Methodology%20Crosstabs%20v2.pdf,general,8914,Biden,19368,Joe Biden,DEM,40.0
146561,76897,2024,,437,Selzer & Co.,991,Grinnell College,Selzer & Co.,304,Selzer & Co.,A+,735,lv,lv,Live Phone,U.S. President,0,,10/13/21,10/17/21,11/5/24,"",false,,,false,false,10/20/21 06:49,"",https://www.grinnell.edu/sites/default/files/docs/2021-10/GCNP%20Oct21%20Toplines%20Methodology%20Crosstabs%20v2.pdf,general,8914,Trump Sr.,16651,Donald Trump,REP,40.0
146136,76629,2024,,1562,Redfield & Wilton Strategies,"","",Redfield & Wilton Strategies,562,Redfield & Wilton Strategies,B/C,1500,rv,rv,Online,U.S. President,0,,10/5/21,10/5/21,11/5/24,"",false,,,false,false,10/7/21 12:15,"",https://redfieldandwiltonstrategies.com/joe-biden-administration-approval-ratings-5-october/,general,8914,Biden,19368,Joe Biden,DEM,37.0
146136,76629,2024,,1562,Redfield & Wilton Strategies,"","",Redfield & Wilton Strategies,562,Redfield & Wilton Strategies,B/C,1500,rv,rv,Online,U.S. President,0,,10/5/21,10/5/21,11/5/24,"",false,,,false,false,10/7/21 12:15,"",https://redfieldandwiltonstrategies.com/joe-biden-administration-approval-ratings-5-october/,general,8914,Trump Sr.,16651,Donald Trump,REP,36.0
146137,76629,2024,,1562,Redfield & Wilton Strategies,"","",Redfield & Wilton Strategies,562,Redfield & Wilton Strategies,B/C,1150,lv,lv,Online,U.S. President,0,,10/5/21,10/5/21,11/5/24,"",false,,,false,false,10/7/21 12:15,"",https://redfieldandwiltonstrategies.com/joe-biden-administration-approval-ratings-5-october/,general,8914,Biden,19368,Joe Biden,DEM,43.0
146137,76629,2024,,1562,Redfield & Wilton Strategies,"","",Redfield & Wilton Strategies,562,Redfield & Wilton Strategies,B/C,1150,lv,lv,Online,U.S. President,0,,10/5/21,10/5/21,11/5/24,"",false,,,false,false,10/7/21 12:15,"",https://redfieldandwiltonstrategies.com/joe-biden-administration-approval-ratings-5-october/,general,8914,Trump Sr.,16651,Donald Trump,REP,41.0
145660,76464,2024,,1302,Echelon Insights,"","",Echelon Insights,407,Echelon Insights,B/C,1005,rv,rv,Online,U.S. President,0,,9/17/21,9/23/21,11/5/24,"",false,,,false,false,9/24/21 14:48,"",https://echeloninsights.com/in-the-news/september-omnibus-political/,general,8914,Biden,19368,Joe Biden,DEM,50.0
145660,76464,2024,,1302,Echelon Insights,"","",Echelon Insights,407,Echelon Insights,B/C,1005,rv,rv,Online,U.S. President,0,,9/17/21,9/23/21,11/5/24,"",false,,,false,false,9/24/21 14:48,"",https://echeloninsights.com/in-the-news/september-omnibus-political/,general,8914,Trump Sr.,16651,Donald Trump,REP,39.0
145616,76441,2024,,399,Rasmussen Reports/Pulse Opinion Research,"","",Rasmussen Reports/Pulse Opinion Research,277,Rasmussen Reports/Pulse Opinion Research,B,1000,lv,lv,IVR/Online,U.S. President,0,,9/21/21,9/22/21,11/5/24,"",false,,,false,false,9/23/21 10:36,"",https://www.rasmussenreports.com/public_content/politics/general_politics/september_2021/trump_2024_would_beat_either_biden_or_harris,general,8914,Biden,19368,Joe Biden,DEM,41.0
145616,76441,2024,,399,Rasmussen Reports/Pulse Opinion Research,"","",Rasmussen Reports/Pulse Opinion Research,277,Rasmussen Reports/Pulse Opinion Research,B,1000,lv,lv,IVR/Online,U.S. President,0,,9/21/21,9/22/21,11/5/24,"",false,,,false,false,9/23/21 10:36,"",https://www.rasmussenreports.com/public_content/politics/general_politics/september_2021/trump_2024_would_beat_either_biden_or_harris,general,8914,Trump Sr.,16651,Donald Trump,REP,51.0
145617,76441,2024,,399,Rasmussen Reports/Pulse Opinion Research,"","",Rasmussen Reports/Pulse Opinion Research,277,Rasmussen Reports/Pulse Opinion Research,B,1000,lv,lv,IVR/Online,U.S. President,0,,9/21/21,9/22/21,11/5/24,"",false,,,false,false,9/23/21 10:36,"",https://www.rasmussenreports.com/public_content/politics/general_politics/september_2021/trump_2024_would_beat_either_biden_or_harris,general,8914,Harris,16661,Kamala Harris,DEM,39.0
145617,76441,2024,,399,Rasmussen Reports/Pulse Opinion Research,"","",Rasmussen Reports/Pulse Opinion Research,277,Rasmussen Reports/Pulse Opinion Research,B,1000,lv,lv,IVR/Online,U.S. President,0,,9/21/21,9/22/21,11/5/24,"",false,,,false,false,9/23/21 10:36,"",https://www.rasmussenreports.com/public_content/politics/general_politics/september_2021/trump_2024_would_beat_either_biden_or_harris,general,8914,Trump Sr.,16651,Donald Trump,REP,52.0
145622,76445,2024,,1562,Redfield & Wilton Strategies,"","",Redfield & Wilton Strategies,562,Redfield & Wilton Strategies,B/C,1500,rv,rv,Online,U.S. President,0,,9/19/21,9/20/21,11/5/24,"",false,,,false,false,9/23/21 12:16,"",https://redfieldandwiltonstrategies.com/joe-biden-administration-approval-ratings-19-20-september/,general,8914,Biden,19368,Joe Biden,DEM,37.0
145622,76445,2024,,1562,Redfield & Wilton Strategies,"","",Redfield & Wilton Strategies,562,Redfield & Wilton Strategies,B/C,1500,rv,rv,Online,U.S. President,0,,9/19/21,9/20/21,11/5/24,"",false,,,false,false,9/23/21 12:16,"",https://redfieldandwiltonstrategies.com/joe-biden-administration-approval-ratings-19-20-september/,general,8914,Trump Sr.,16651,Donald Trump,REP,34.0
145623,76445,2024,,1562,Redfield & Wilton Strategies,"","",Redfield & Wilton Strategies,562,Redfield & Wilton Strategies,B/C,1137,lv,lv,Online,U.S. President,0,,9/19/21,9/20/21,11/5/24,"",false,,,false,false,9/23/21 12:16,"",https://redfieldandwiltonstrategies.com/joe-biden-administration-approval-ratings-19-20-september/,general,8914,Biden,19368,Joe Biden,DEM,42.0
145623,76445,2024,,1562,Redfield & Wilton Strategies,"","",Redfield & Wilton Strategies,562,Redfield & Wilton Strategies,B/C,1137,lv,lv,Online,U.S. President,0,,9/19/21,9/20/21,11/5/24,"",false,,,false,false,9/23/21 12:16,"",https://redfieldandwiltonstrategies.com/joe-biden-administration-approval-ratings-19-20-september/,general,8914,Trump Sr.,16651,Donald Trump,REP,40.0
145593,76426,2024,Missouri,1056,Remington Research Group,"","",Remington Research Group,279,Remington Research Group,B,1014,lv,lv,IVR,U.S. President,0,,9/18/21,9/20/21,11/5/24,"",false,,,false,false,9/23/21 09:29,"",https://static1.squarespace.com/static/59015f4b37c581b2ce01e5b3/t/614c67ae56da242e8c7ae696/1632397230468/MO+Statewide+Education+Survey+092221.pdf,general,8826,Biden,19368,Joe Biden,DEM,36.0
145593,76426,2024,Missouri,1056,Remington Research Group,"","",Remington Research Group,279,Remington Research Group,B,1014,lv,lv,IVR,U.S. President,0,,9/18/21,9/20/21,11/5/24,"",false,,,false,false,9/23/21 09:29,"",https://static1.squarespace.com/static/59015f4b37c581b2ce01e5b3/t/614c67ae56da242e8c7ae696/1632397230468/MO+Statewide+Education+Survey+092221.pdf,general,8826,Trump Sr.,16651,Donald Trump,REP,55.0
146300,76752,2024,Florida,1672,Victory Insights,"","",Victory Insights,673,Victory Insights,,450,lv,lv,IVR,U.S. President,0,,9/16/21,9/18/21,11/5/24,"",false,,,false,false,10/12/21 16:02,"",https://victory-insights.com/files/FLPresidentialPoll_Sep2021.pdf,general,8778,Biden,19368,Joe Biden,DEM,51.2
146300,76752,2024,Florida,1672,Victory Insights,"","",Victory Insights,673,Victory Insights,,450,lv,lv,IVR,U.S. President,0,,9/16/21,9/18/21,11/5/24,"",false,,,false,false,10/12/21 16:02,"",https://victory-insights.com/files/FLPresidentialPoll_Sep2021.pdf,general,8778,Trump Sr.,16651,Donald Trump,REP,48.8
146301,76752,2024,Florida,1672,Victory Insights,"","",Victory Insights,673,Victory Insights,,450,lv,lv,IVR,U.S. President,0,,9/16/21,9/18/21,11/5/24,"",false,,,false,false,10/12/21 16:02,"",https://victory-insights.com/files/FLPresidentialPoll_Sep2021.pdf,general,8778,Biden,19368,Joe Biden,DEM,51.0
146301,76752,2024,Florida,1672,Victory Insights,"","",Victory Insights,673,Victory Insights,,450,lv,lv,IVR,U.S. President,0,,9/16/21,9/18/21,11/5/24,"",false,,,false,false,10/12/21 16:02,"",https://victory-insights.com/files/FLPresidentialPoll_Sep2021.pdf,general,8778,DeSantis,16646,Ron DeSantis,REP,49.0
146302,76752,2024,Florida,1672,Victory Insights,"","",Victory Insights,673,Victory Insights,,450,lv,lv,IVR,U.S. President,0,,9/16/21,9/18/21,11/5/24,"",false,,,false,false,10/12/21 16:02,"",https://victory-insights.com/files/FLPresidentialPoll_Sep2021.pdf,general,8778,Harris,16661,Kamala Harris,DEM,50.7
146302,76752,2024,Florida,1672,Victory Insights,"","",Victory Insights,673,Victory Insights,,450,lv,lv,IVR,U.S. President,0,,9/16/21,9/18/21,11/5/24,"",false,,,false,false,10/12/21 16:02,"",https://victory-insights.com/files/FLPresidentialPoll_Sep2021.pdf,general,8778,Trump Sr.,16651,Donald Trump,REP,49.3
146303,76752,2024,Florida,1672,Victory Insights,"","",Victory Insights,673,Victory Insights,,450,lv,lv,IVR,U.S. President,0,,9/16/21,9/18/21,11/5/24,"",false,,,false,false,10/12/21 16:02,"",https://victory-insights.com/files/FLPresidentialPoll_Sep2021.pdf,general,8778,Harris,16661,Kamala Harris,DEM,49.4
146303,76752,2024,Florida,1672,Victory Insights,"","",Victory Insights,673,Victory Insights,,450,lv,lv,IVR,U.S. President,0,,9/16/21,9/18/21,11/5/24,"",false,,,false,false,10/12/21 16:02,"",https://victory-insights.com/files/FLPresidentialPoll_Sep2021.pdf,general,8778,DeSantis,16646,Ron DeSantis,REP,50.6
145354,76285,2024,,294,McLaughlin & Associates,"","",McLaughlin & Associates,203,McLaughlin & Associates,C/D,1000,lv,lv,Online,U.S. President,0,,9/9/21,9/14/21,11/5/24,"",false,,,false,false,9/15/21 10:48,"",https://mclaughlinonline.com/pols/wp-content/uploads/2021/09/MA-National-Survey-Release-September-2021.pdf,general,8914,Harris,16661,Kamala Harris,DEM,47.0
145354,76285,2024,,294,McLaughlin & Associates,"","",McLaughlin & Associates,203,McLaughlin & Associates,C/D,1000,lv,lv,Online,U.S. President,0,,9/9/21,9/14/21,11/5/24,"",false,,,false,false,9/15/21 10:48,"",https://mclaughlinonline.com/pols/wp-content/uploads/2021/09/MA-National-Survey-Release-September-2021.pdf,general,8914,Trump Sr.,16651,Donald Trump,REP,49.0
145355,76285,2024,,294,McLaughlin & Associates,"","",McLaughlin & Associates,203,McLaughlin & Associates,C/D,1000,lv,lv,Online,U.S. President,0,,9/9/21,9/14/21,11/5/24,"",false,,,false,false,9/15/21 10:48,"",https://mclaughlinonline.com/pols/wp-content/uploads/2021/09/MA-National-Survey-Release-September-2021.pdf,general,8914,Biden,19368,Joe Biden,DEM,47.0
145355,76285,2024,,294,McLaughlin & Associates,"","",McLaughlin & Associates,203,McLaughlin & Associates,C/D,1000,lv,lv,Online,U.S. President,0,,9/9/21,9/14/21,11/5/24,"",false,,,false,false,9/15/21 10:48,"",https://mclaughlinonline.com/pols/wp-content/uploads/2021/09/MA-National-Survey-Release-September-2021.pdf,general,8914,Trump Sr.,16651,Donald Trump,REP,50.0
145334,76282,2024,Florida,1677,The Political Matrix/The Listener Group,"","",The Political Matrix/The Listener Group,677,The Political Matrix/The Listener Group,,911,lv,lv,IVR,U.S. President,0,,9/11/21,9/12/21,11/5/24,"",false,,,false,false,9/15/21 08:00,"",http://thelistenergroup.com/biden-has-support-and-crist-is-still-leading-desantis-with-florida-likely-voters/,general,8778,Biden,19368,Joe Biden,DEM,55.2
145334,76282,2024,Florida,1677,The Political Matrix/The Listener Group,"","",The Political Matrix/The Listener Group,677,The Political Matrix/The Listener Group,,911,lv,lv,IVR,U.S. President,0,,9/11/21,9/12/21,11/5/24,"",false,,,false,false,9/15/21 08:00,"",http://thelistenergroup.com/biden-has-support-and-crist-is-still-leading-desantis-with-florida-likely-voters/,general,8778,DeSantis,16646,Ron DeSantis,REP,44.8
144847,75949,2024,,1562,Redfield & Wilton Strategies,"","",Redfield & Wilton Strategies,562,Redfield & Wilton Strategies,B/C,1500,rv,rv,Online,U.S. President,0,,9/4/21,9/5/21,11/5/24,"",false,,,false,false,9/9/21 12:09,"",https://redfieldandwiltonstrategies.com/joe-biden-administration-approval-ratings-4-5-september/,general,8914,Biden,19368,Joe Biden,DEM,39.0
144847,75949,2024,,1562,Redfield & Wilton Strategies,"","",Redfield & Wilton Strategies,562,Redfield & Wilton Strategies,B/C,1500,rv,rv,Online,U.S. President,0,,9/4/21,9/5/21,11/5/24,"",false,,,false,false,9/9/21 12:09,"",https://redfieldandwiltonstrategies.com/joe-biden-administration-approval-ratings-4-5-september/,general,8914,Trump Sr.,16651,Donald Trump,REP,36.0
144848,75949,2024,,1562,Redfield & Wilton Strategies,"","",Redfield & Wilton Strategies,562,Redfield & Wilton Strategies,B/C,1148,lv,lv,Online,U.S. President,0,,9/4/21,9/5/21,11/5/24,"",false,,,false,false,9/9/21 12:09,"",https://redfieldandwiltonstrategies.com/joe-biden-administration-approval-ratings-4-5-september/,general,8914,Biden,19368,Joe Biden,DEM,45.0
144848,75949,2024,,1562,Redfield & Wilton Strategies,"","",Redfield & Wilton Strategies,562,Redfield & Wilton Strategies,B/C,1148,lv,lv,Online,U.S. President,0,,9/4/21,9/5/21,11/5/24,"",false,,,false,false,9/9/21 12:09,"",https://redfieldandwiltonstrategies.com/joe-biden-administration-approval-ratings-4-5-september/,general,8914,Trump Sr.,16651,Donald Trump,REP,42.0
144684,75857,2024,,1102,Emerson College,"","",Emerson College,88,Emerson College,A-,1200,rv,rv,IVR/Online/Text,U.S. President,0,,8/30/21,9/1/21,11/5/24,"",false,,,false,false,9/2/21 20:04,"",https://emersonpolling.reportablenews.com/pr/september-national-poll-americans-say-us-lost-war-in-afghanistan-blame-bush,general,8914,Biden,19368,Joe Biden,DEM,45.6
144684,75857,2024,,1102,Emerson College,"","",Emerson College,88,Emerson College,A-,1200,rv,rv,IVR/Online/Text,U.S. President,0,,8/30/21,9/1/21,11/5/24,"",false,,,false,false,9/2/21 20:04,"",https://emersonpolling.reportablenews.com/pr/september-national-poll-americans-say-us-lost-war-in-afghanistan-blame-bush,general,8914,Trump Sr.,16651,Donald Trump,REP,46.6
144685,75857,2024,,1102,Emerson College,"","",Emerson College,88,Emerson College,A-,1200,rv,rv,IVR/Online/Text,U.S. President,0,,8/30/21,9/1/21,11/5/24,"",false,,,false,false,9/2/21 20:04,"",https://emersonpolling.reportablenews.com/pr/september-national-poll-americans-say-us-lost-war-in-afghanistan-blame-bush,general,8914,Biden,19368,Joe Biden,DEM,42.4
144685,75857,2024,,1102,Emerson College,"","",Emerson College,88,Emerson College,A-,1200,rv,rv,IVR/Online/Text,U.S. President,0,,8/30/21,9/1/21,11/5/24,"",false,,,false,false,9/2/21 20:04,"",https://emersonpolling.reportablenews.com/pr/september-national-poll-americans-say-us-lost-war-in-afghanistan-blame-bush,general,8914,Romney,16642,Mitt Romney,REP,22.9
144686,75857,2024,,1102,Emerson College,"","",Emerson College,88,Emerson College,A-,1200,rv,rv,IVR/Online/Text,U.S. President,0,,8/30/21,9/1/21,11/5/24,"",false,,,false,false,9/2/21 20:04,"",https://emersonpolling.reportablenews.com/pr/september-national-poll-americans-say-us-lost-war-in-afghanistan-blame-bush,general,8914,Biden,19368,Joe Biden,DEM,47.8
144686,75857,2024,,1102,Emerson College,"","",Emerson College,88,Emerson College,A-,1200,rv,rv,IVR/Online/Text,U.S. President,0,,8/30/21,9/1/21,11/5/24,"",false,,,false,false,9/2/21 20:04,"",https://emersonpolling.reportablenews.com/pr/september-national-poll-americans-say-us-lost-war-in-afghanistan-blame-bush,general,8914,DeSantis,16646,Ron DeSantis,REP,35.6
144235,75617,2024,Florida,1357,St. Pete Polls,"","",St. Pete Polls,314,St. Pete Polls,B+,2068,rv,rv,IVR,U.S. President,0,,8/16/21,8/17/21,11/5/24,"",false,,,false,false,8/18/21 09:04,"",https://floridapolitics.com/wp-content/uploads/2021/08/Poll-of-Rubio-vs.-Demings.pdf,general,8778,Biden,19368,Joe Biden,DEM,48.0
144235,75617,2024,Florida,1357,St. Pete Polls,"","",St. Pete Polls,314,St. Pete Polls,B+,2068,rv,rv,IVR,U.S. President,0,,8/16/21,8/17/21,11/5/24,"",false,,,false,false,8/18/21 09:04,"",https://floridapolitics.com/wp-content/uploads/2021/08/Poll-of-Rubio-vs.-Demings.pdf,general,8778,Trump Sr.,16651,Donald Trump,REP,47.4
144254,75622,2024,,399,Rasmussen Reports/Pulse Opinion Research,"","",Rasmussen Reports/Pulse Opinion Research,277,Rasmussen Reports/Pulse Opinion Research,B,1000,lv,lv,IVR/Online,U.S. President,0,,8/16/21,8/17/21,11/5/24,"",false,,,false,false,8/18/21 11:44,"",https://www.rasmussenreports.com/public_content/politics/general_politics/august_2021/election_regrets_most_wouldn_t_vote_to_reelect_biden,general,8914,Biden,19368,Joe Biden,DEM,37.0
144254,75622,2024,,399,Rasmussen Reports/Pulse Opinion Research,"","",Rasmussen Reports/Pulse Opinion Research,277,Rasmussen Reports/Pulse Opinion Research,B,1000,lv,lv,IVR/Online,U.S. President,0,,8/16/21,8/17/21,11/5/24,"",false,,,false,false,8/18/21 11:44,"",https://www.rasmussenreports.com/public_content/politics/general_politics/august_2021/election_regrets_most_wouldn_t_vote_to_reelect_biden,general,8914,Trump Sr.,16651,Donald Trump,REP,43.0
144418,75620,2024,Florida,1688,Susquehanna Polling & Research Inc.,"","",BUSR/Susquehanna Polling & Research,326,Susquehanna Polling & Research Inc.,B+,700,rv,rv,Live Phone,U.S. President,0,,8/4/21,8/10/21,11/5/24,"",false,,,false,false,8/23/21 10:55,"",https://busr.ag/florida-statewide-poll,general,8778,Biden,19368,Joe Biden,DEM,50.0
144418,75620,2024,Florida,1688,Susquehanna Polling & Research Inc.,"","",BUSR/Susquehanna Polling & Research,326,Susquehanna Polling & Research Inc.,B+,700,rv,rv,Live Phone,U.S. President,0,,8/4/21,8/10/21,11/5/24,"",false,,,false,false,8/23/21 10:55,"",https://busr.ag/florida-statewide-poll,general,8778,Trump Sr.,16651,Donald Trump,REP,42.0
144419,75620,2024,Florida,1688,Susquehanna Polling & Research Inc.,"","",BUSR/Susquehanna Polling & Research,326,Susquehanna Polling & Research Inc.,B+,700,rv,rv,Live Phone,U.S. President,0,,8/4/21,8/10/21,11/5/24,"",false,,,false,false,8/23/21 10:55,"",https://busr.ag/florida-statewide-poll,general,8778,Biden,19368,Joe Biden,DEM,49.0
144419,75620,2024,Florida,1688,Susquehanna Polling & Research Inc.,"","",BUSR/Susquehanna Polling & Research,326,Susquehanna Polling & Research Inc.,B+,700,rv,rv,Live Phone,U.S. President,0,,8/4/21,8/10/21,11/5/24,"",false,,,false,false,8/23/21 10:55,"",https://busr.ag/florida-statewide-poll,general,8778,DeSantis,16646,Ron DeSantis,REP,47.0
144007,75491,2024,,294,McLaughlin & Associates,"","",McLaughlin & Associates,203,McLaughlin & Associates,C/D,1000,lv,lv,Online,U.S. President,0,,7/29/21,8/3/21,11/5/24,"",false,,,false,false,8/10/21 15:08,"",https://mclaughlinonline.com/pols/wp-content/uploads/2021/08/National-Monthly-Omnibus-8-2021-Release-.pdf,general,8914,Harris,16661,Kamala Harris,DEM,46.0
144007,75491,2024,,294,McLaughlin & Associates,"","",McLaughlin & Associates,203,McLaughlin & Associates,C/D,1000,lv,lv,Online,U.S. President,0,,7/29/21,8/3/21,11/5/24,"",false,,,false,false,8/10/21 15:08,"",https://mclaughlinonline.com/pols/wp-content/uploads/2021/08/National-Monthly-Omnibus-8-2021-Release-.pdf,general,8914,Trump Sr.,16651,Donald Trump,REP,49.0
144100,75535,2024,,568,YouGov,1213,Yahoo News,YouGov,391,YouGov,B+,1552,a,a,Online,U.S. President,0,,7/30/21,8/2/21,11/5/24,"",false,,,false,false,8/12/21 19:23,"",https://docs.cdn.yougov.com/40k9knkv6y/20210803_yahoo_vaccine_tabs.pdf,general,8914,Biden,19368,Joe Biden,DEM,47.0
144100,75535,2024,,568,YouGov,1213,Yahoo News,YouGov,391,YouGov,B+,1552,a,a,Online,U.S. President,0,,7/30/21,8/2/21,11/5/24,"",false,,,false,false,8/12/21 19:23,"",https://docs.cdn.yougov.com/40k9knkv6y/20210803_yahoo_vaccine_tabs.pdf,general,8914,Trump Sr.,16651,Donald Trump,REP,37.0
143481,75257,2024,,1674,PEM Management Corporation,1629,John Bolton Super PAC,PEM Management Corporation,675,PEM Management Corporation,,1000,lv,lv,Live Phone,U.S. President,0,,7/8/21,7/8/21,11/5/24,"",false,REP,,false,false,7/20/21 07:50,"",https://www.boltonsuperpac.com/presser_07192021.php,general,8914,Biden,19368,Joe Biden,DEM,45.7
143481,75257,2024,,1674,PEM Management Corporation,1629,John Bolton Super PAC,PEM Management Corporation,675,PEM Management Corporation,,1000,lv,lv,Live Phone,U.S. President,0,,7/8/21,7/8/21,11/5/24,"",false,REP,,false,false,7/20/21 07:50,"",https://www.boltonsuperpac.com/presser_07192021.php,general,8914,Trump Sr.,16651,Donald Trump,REP,43.3
142966,75003,2024,,568,YouGov,1213,Yahoo News,YouGov,391,YouGov,B+,1592,a,a,Online,U.S. President,0,,6/22/21,6/24/21,11/5/24,"",false,,,false,false,6/29/21 21:13,"",https://news.yahoo.com/new-yahoo-news-you-gov-poll-bidens-approval-rating-falls-as-both-republicans-and-democrats-grow-more-concerned-about-crime-090006661.html,general,8914,Biden,19368,Joe Biden,DEM,47.0
142966,75003,2024,,568,YouGov,1213,Yahoo News,YouGov,391,YouGov,B+,1592,a,a,Online,U.S. President,0,,6/22/21,6/24/21,11/5/24,"",false,,,false,false,6/29/21 21:13,"",https://news.yahoo.com/new-yahoo-news-you-gov-poll-bidens-approval-rating-falls-as-both-republicans-and-democrats-grow-more-concerned-about-crime-090006661.html,general,8914,Trump Sr.,16651,Donald Trump,REP,35.0
142965,75009,2024,Arizona,1329,Bendixen & Amandi International,"","",Bendixen & Amandi International,29,Bendixen & Amandi International,B/C,600,rv,rv,Live Phone,U.S. President,0,,6/17/21,6/23/21,11/5/24,"",false,,,false,false,6/29/21 09:45,"",https://www.politico.com/f/?id=0000017a-53b6-d92f-a1fe-d3f62f8b0000,general,8759,Biden,19368,Joe Biden,DEM,51.0
142965,75009,2024,Arizona,1329,Bendixen & Amandi International,"","",Bendixen & Amandi International,29,Bendixen & Amandi International,B/C,600,rv,rv,Live Phone,U.S. President,0,,6/17/21,6/23/21,11/5/24,"",false,,,false,false,6/29/21 09:45,"",https://www.politico.com/f/?id=0000017a-53b6-d92f-a1fe-d3f62f8b0000,general,8759,Trump Sr.,16651,Donald Trump,REP,44.0
142927,74995,2024,,1302,Echelon Insights,"","",Echelon Insights,407,Echelon Insights,B/C,1001,rv,rv,Online,U.S. President,0,,6/18/21,6/22/21,11/5/24,"",false,,,false,false,6/24/21 10:39,"",https://echeloninsights.com/in-the-news/june-omnibus-political/,general,8914,Harris,16661,Kamala Harris,DEM,47.0
142927,74995,2024,,1302,Echelon Insights,"","",Echelon Insights,407,Echelon Insights,B/C,1001,rv,rv,Online,U.S. President,0,,6/18/21,6/22/21,11/5/24,"",false,,,false,false,6/24/21 10:39,"",https://echeloninsights.com/in-the-news/june-omnibus-political/,general,8914,Trump Sr.,16651,Donald Trump,REP,40.0
142928,74995,2024,,1302,Echelon Insights,"","",Echelon Insights,407,Echelon Insights,B/C,1001,rv,rv,Online,U.S. President,0,,6/18/21,6/22/21,11/5/24,"",false,,,false,false,6/24/21 10:39,"",https://echeloninsights.com/in-the-news/june-omnibus-political/,general,8914,Harris,16661,Kamala Harris,DEM,45.0
142928,74995,2024,,1302,Echelon Insights,"","",Echelon Insights,407,Echelon Insights,B/C,1001,rv,rv,Online,U.S. President,0,,6/18/21,6/22/21,11/5/24,"",false,,,false,false,6/24/21 10:39,"",https://echeloninsights.com/in-the-news/june-omnibus-political/,general,8914,Pence,16638,Mike Pence,REP,36.0
142946,74998,2024,,294,McLaughlin & Associates,"","",McLaughlin & Associates,203,McLaughlin & Associates,C/D,1000,lv,lv,Online,U.S. President,0,,6/16/21,6/20/21,11/5/24,"",false,,,false,false,6/24/21 18:53,"",https://mclaughlinonline.com/pols/wp-content/uploads/2021/06/National-Monthly-Omnibus-6-21-21-Release.pdf,general,8914,Harris,16661,Kamala Harris,DEM,45.0
142946,74998,2024,,294,McLaughlin & Associates,"","",McLaughlin & Associates,203,McLaughlin & Associates,C/D,1000,lv,lv,Online,U.S. President,0,,6/16/21,6/20/21,11/5/24,"",false,,,false,false,6/24/21 18:53,"",https://mclaughlinonline.com/pols/wp-content/uploads/2021/06/National-Monthly-Omnibus-6-21-21-Release.pdf,general,8914,Trump Sr.,16651,Donald Trump,REP,49.0
142649,74869,2024,,568,YouGov,1213,Yahoo News,YouGov,391,YouGov,B+,1588,a,a,Online,U.S. President,0,,5/24/21,5/26/21,11/5/24,"",false,,,false,false,5/28/21 13:52,"",https://docs.cdn.yougov.com/zjdg6ujrzh/20210526_yahoo_vaccine_tabs.pdf,general,8914,Biden,19368,Joe Biden,DEM,46.0
142649,74869,2024,,568,YouGov,1213,Yahoo News,YouGov,391,YouGov,B+,1588,a,a,Online,U.S. President,0,,5/24/21,5/26/21,11/5/24,"",false,,,false,false,5/28/21 13:52,"",https://docs.cdn.yougov.com/zjdg6ujrzh/20210526_yahoo_vaccine_tabs.pdf,general,8914,Trump Sr.,16651,Donald Trump,REP,36.0
142439,74819,2024,,294,McLaughlin & Associates,"","",McLaughlin & Associates,203,McLaughlin & Associates,C/D,1000,lv,lv,Online,U.S. President,0,,5/12/21,5/18/21,11/5/24,"",false,,,false,false,5/19/21 16:43,"",https://mclaughlinonline.com/pols/wp-content/uploads/2021/05/National-Monthly-Omnibus-MAY-Release-1.pdf,general,8914,Harris,16661,Kamala Harris,DEM,45.0
142439,74819,2024,,294,McLaughlin & Associates,"","",McLaughlin & Associates,203,McLaughlin & Associates,C/D,1000,lv,lv,Online,U.S. President,0,,5/12/21,5/18/21,11/5/24,"",false,,,false,false,5/19/21 16:43,"",https://mclaughlinonline.com/pols/wp-content/uploads/2021/05/National-Monthly-Omnibus-MAY-Release-1.pdf,general,8914,Trump Sr.,16651,Donald Trump,REP,49.0
142358,74810,2024,,568,YouGov,1213,Yahoo News,YouGov,391,YouGov,B+,1561,a,a,Online,U.S. President,0,,5/11/21,5/13/21,11/5/24,"",false,,,false,false,5/17/21 18:15,"",https://docs.cdn.yougov.com/lydd14trrl/20210513_yahoo_vaccine_tabs.pdf,general,8914,Biden,19368,Joe Biden,DEM,48.0
142358,74810,2024,,568,YouGov,1213,Yahoo News,YouGov,391,YouGov,B+,1561,a,a,Online,U.S. President,0,,5/11/21,5/13/21,11/5/24,"",false,,,false,false,5/17/21 18:15,"",https://docs.cdn.yougov.com/lydd14trrl/20210513_yahoo_vaccine_tabs.pdf,general,8914,Trump Sr.,16651,Donald Trump,REP,36.0
142758,74928,2024,New Hampshire,446,Saint Anselm College,1629,John Bolton Super PAC,Saint Anselm College,494,Saint Anselm College,A/B,1267,rv,rv,Online,U.S. President,0,,5/7/21,5/10/21,11/5/24,"",false,REP,,false,false,6/12/21 07:43,"",https://www.boltonsuperpac.com/presser_060421-1.php,general,8848,Biden,19368,Joe Biden,DEM,51.0
142758,74928,2024,New Hampshire,446,Saint Anselm College,1629,John Bolton Super PAC,Saint Anselm College,494,Saint Anselm College,A/B,1267,rv,rv,Online,U.S. President,0,,5/7/21,5/10/21,11/5/24,"",false,REP,,false,false,6/12/21 07:43,"",https://www.boltonsuperpac.com/presser_060421-1.php,general,8848,Trump Sr.,16651,Donald Trump,REP,43.0
140850,74731,2024,,1302,Echelon Insights,"","",Echelon Insights,407,Echelon Insights,B/C,1043,rv,rv,Online,U.S. President,0,,4/16/21,4/23/21,11/5/24,"",false,,,false,false,4/28/21 12:53,"",https://echeloninsights.com/in-the-news/april-omnibus-political/,general,8914,Biden,19368,Joe Biden,DEM,45.0
140850,74731,2024,,1302,Echelon Insights,"","",Echelon Insights,407,Echelon Insights,B/C,1043,rv,rv,Online,U.S. President,0,,4/16/21,4/23/21,11/5/24,"",false,,,false,false,4/28/21 12:53,"",https://echeloninsights.com/in-the-news/april-omnibus-political/,general,8914,DeSantis,16646,Ron DeSantis,REP,28.0
140851,74731,2024,,1302,Echelon Insights,"","",Echelon Insights,407,Echelon Insights,B/C,1043,rv,rv,Online,U.S. President,0,,4/16/21,4/23/21,11/5/24,"",false,,,false,false,4/28/21 12:53,"",https://echeloninsights.com/in-the-news/april-omnibus-political/,general,8914,Harris,16661,Kamala Harris,DEM,43.0
140851,74731,2024,,1302,Echelon Insights,"","",Echelon Insights,407,Echelon Insights,B/C,1043,rv,rv,Online,U.S. President,0,,4/16/21,4/23/21,11/5/24,"",false,,,false,false,4/28/21 12:53,"",https://echeloninsights.com/in-the-news/april-omnibus-political/,general,8914,DeSantis,16646,Ron DeSantis,REP,31.0
140769,74706,2024,Missouri,1056,Remington Research Group,421,Missouri Scout,Remington Research Group,279,Remington Research Group,B,933,lv,lv,IVR,U.S. President,0,,4/21/21,4/22/21,11/5/24,"",false,,,false,false,4/26/21 09:10,"",https://static1.squarespace.com/static/59015f4b37c581b2ce01e5b3/t/60840b8890c9ed3251f4198d/1619266440448/MOSCOUT+Statewide+Public+Opinion+Survey+042321.pdf,general,8826,Biden,19368,Joe Biden,DEM,38.0
140769,74706,2024,Missouri,1056,Remington Research Group,421,Missouri Scout,Remington Research Group,279,Remington Research Group,B,933,lv,lv,IVR,U.S. President,0,,4/21/21,4/22/21,11/5/24,"",false,,,false,false,4/26/21 09:10,"",https://static1.squarespace.com/static/59015f4b37c581b2ce01e5b3/t/60840b8890c9ed3251f4198d/1619266440448/MOSCOUT+Statewide+Public+Opinion+Survey+042321.pdf,general,8826,Trump Sr.,16651,Donald Trump,REP,53.0
142390,74812,2024,,241,Ipsos,"","",Ipsos,154,Ipsos,B-,1105,a,a,Online,U.S. President,0,,4/12/21,4/16/21,11/5/24,"",false,,,false,false,5/19/21 08:57,quarter sample,https://www.ipsos.com/sites/default/files/ct/news/documents/2021-05/Reuters%20Ipsos%20Large%20Issue%20Poll%20%232%20Topline%20%20Write-up%20-%20Biden%20100%20Days%20-%2012%20April%20thru%2016%20April%202021.pdf,general,8914,Biden,19368,Joe Biden,DEM,45.0
142390,74812,2024,,241,Ipsos,"","",Ipsos,154,Ipsos,B-,1105,a,a,Online,U.S. President,0,,4/12/21,4/16/21,11/5/24,"",false,,,false,false,5/19/21 08:57,quarter sample,https://www.ipsos.com/sites/default/files/ct/news/documents/2021-05/Reuters%20Ipsos%20Large%20Issue%20Poll%20%232%20Topline%20%20Write-up%20-%20Biden%20100%20Days%20-%2012%20April%20thru%2016%20April%202021.pdf,general,8914,Trump Sr.,16651,Donald Trump,REP,28.0
142391,74812,2024,,241,Ipsos,"","",Ipsos,154,Ipsos,B-,1105,a,a,Online,U.S. President,0,,4/12/21,4/16/21,11/5/24,"",false,,,false,false,5/19/21 08:57,quarter sample,https://www.ipsos.com/sites/default/files/ct/news/documents/2021-05/Reuters%20Ipsos%20Large%20Issue%20Poll%20%232%20Topline%20%20Write-up%20-%20Biden%20100%20Days%20-%2012%20April%20thru%2016%20April%202021.pdf,general,8914,Biden,19368,Joe Biden,DEM,46.0
142391,74812,2024,,241,Ipsos,"","",Ipsos,154,Ipsos,B-,1105,a,a,Online,U.S. President,0,,4/12/21,4/16/21,11/5/24,"",false,,,false,false,5/19/21 08:57,quarter sample,https://www.ipsos.com/sites/default/files/ct/news/documents/2021-05/Reuters%20Ipsos%20Large%20Issue%20Poll%20%232%20Topline%20%20Write-up%20-%20Biden%20100%20Days%20-%2012%20April%20thru%2016%20April%202021.pdf,general,8914,Cruz,16641,Ted Cruz,REP,24.0
142392,74812,2024,,241,Ipsos,"","",Ipsos,154,Ipsos,B-,1106,a,a,Online,U.S. President,0,,4/12/21,4/16/21,11/5/24,"",false,,,false,false,5/19/21 08:57,quarter sample,https://www.ipsos.com/sites/default/files/ct/news/documents/2021-05/Reuters%20Ipsos%20Large%20Issue%20Poll%20%232%20Topline%20%20Write-up%20-%20Biden%20100%20Days%20-%2012%20April%20thru%2016%20April%202021.pdf,general,8914,Biden,19368,Joe Biden,DEM,41.0
142392,74812,2024,,241,Ipsos,"","",Ipsos,154,Ipsos,B-,1106,a,a,Online,U.S. President,0,,4/12/21,4/16/21,11/5/24,"",false,,,false,false,5/19/21 08:57,quarter sample,https://www.ipsos.com/sites/default/files/ct/news/documents/2021-05/Reuters%20Ipsos%20Large%20Issue%20Poll%20%232%20Topline%20%20Write-up%20-%20Biden%20100%20Days%20-%2012%20April%20thru%2016%20April%202021.pdf,general,8914,DeSantis,16646,Ron DeSantis,REP,25.0
142393,74812,2024,,241,Ipsos,"","",Ipsos,154,Ipsos,B-,1107,a,a,Online,U.S. President,0,,4/12/21,4/16/21,11/5/24,"",false,,,false,false,5/19/21 08:57,quarter sample,https://www.ipsos.com/sites/default/files/ct/news/documents/2021-05/Reuters%20Ipsos%20Large%20Issue%20Poll%20%232%20Topline%20%20Write-up%20-%20Biden%20100%20Days%20-%2012%20April%20thru%2016%20April%202021.pdf,general,8914,Biden,19368,Joe Biden,DEM,44.0
142393,74812,2024,,241,Ipsos,"","",Ipsos,154,Ipsos,B-,1107,a,a,Online,U.S. President,0,,4/12/21,4/16/21,11/5/24,"",false,,,false,false,5/19/21 08:57,quarter sample,https://www.ipsos.com/sites/default/files/ct/news/documents/2021-05/Reuters%20Ipsos%20Large%20Issue%20Poll%20%232%20Topline%20%20Write-up%20-%20Biden%20100%20Days%20-%2012%20April%20thru%2016%20April%202021.pdf,general,8914,Haley,16640,Nimrata R. Haley,REP,19.0
140691,74681,2024,,1674,PEM Management Corporation,1629,John Bolton Super PAC,PEM Management Corporation,675,PEM Management Corporation,,1000,lv,lv,Live Phone,U.S. President,0,,4/3/21,4/7/21,11/5/24,"",false,REP,,false,false,4/20/21 22:35,"",https://boltonsuperpac.com/pdfs/crostabs_04202021.pdf,general,8914,Biden,19368,Joe Biden,DEM,46.4
140691,74681,2024,,1674,PEM Management Corporation,1629,John Bolton Super PAC,PEM Management Corporation,675,PEM Management Corporation,,1000,lv,lv,Live Phone,U.S. President,0,,4/3/21,4/7/21,11/5/24,"",false,REP,,false,false,4/20/21 22:35,"",https://boltonsuperpac.com/pdfs/crostabs_04202021.pdf,general,8914,Trump Sr.,16651,Donald Trump,REP,42.2
